type1,type2,total,hp,attack,defense,sp_attack,sp_defense,speed,generation,legendary
10,13,318,45,49,49,65,65,45,1,0
10,13,405,60,62,63,80,80,60,1,0
10,13,525,80,82,83,100,100,80,1,0
10,13,625,80,100,123,122,120,80,1,0
10,13,525,80,82,83,100,100,80,1,0
7,18,309,39,52,43,60,50,65,1,0
7,18,405,58,64,58,80,65,80,1,0
7,7,534,78,84,78,109,85,100,1,0
7,2,634,78,130,111,130,85,100,1,0
7,7,634,78,104,78,159,115,100,1,0
7,7,534,78,84,78,109,85,100,1,0
18,18,314,44,48,65,50,64,43,1,0
18,18,405,59,63,80,65,80,58,1,0
18,18,530,79,83,100,85,105,78,1,0
18,18,630,79,103,120,135,115,78,1,0
0,17,530,79,83,100,85,105,78,1,0
1,18,195,45,30,35,20,20,45,1,0
1,18,205,50,20,55,25,25,30,1,0
1,7,395,60,45,50,90,80,70,1,0
1,7,395,60,45,50,90,80,70,1,0
1,13,195,40,35,30,20,20,50,1,0
1,13,205,45,25,50,25,25,35,1,0
1,13,395,65,90,40,45,80,75,1,0
1,13,495,65,150,40,15,80,145,1,0
13,7,251,40,45,40,35,35,56,1,0
13,7,349,63,60,55,50,50,71,1,0
13,7,479,83,80,75,70,70,101,1,0
13,7,579,83,80,80,135,80,121,1,0
13,18,253,30,56,35,25,35,72,1,0
2,12,253,30,56,35,25,35,72,7,0
13,18,413,55,81,60,50,70,97,1,0
2,12,413,75,71,70,40,80,77,7,0
13,7,262,40,60,30,31,31,70,1,0
13,7,442,65,90,65,61,61,100,1,0
14,18,288,35,60,44,40,54,55,1,0
14,18,438,60,85,69,65,79,80,1,0
4,18,320,35,55,40,50,50,90,1,0
4,18,320,35,55,40,50,50,90,1,0
4,18,485,60,90,55,90,80,110,1,0
4,14,485,60,85,50,95,85,110,7,0
11,18,300,50,75,85,20,30,40,1,0
12,16,300,50,75,90,10,35,40,7,0
11,18,450,75,100,110,45,55,65,1,0
12,16,450,75,100,120,25,65,65,7,0
14,18,275,55,47,52,40,40,41,1,0
14,18,365,70,62,67,55,55,56,1,0
14,10,505,90,92,87,75,85,76,1,0
14,18,273,46,57,40,40,40,50,1,0
14,18,365,61,72,57,55,55,65,1,0
14,10,505,81,102,77,85,75,85,1,0
5,18,323,70,45,48,60,65,35,1,0
5,18,483,95,70,73,95,90,60,1,0
7,18,299,38,41,40,50,65,65,1,0
12,18,299,38,41,40,50,65,65,7,0
7,18,505,73,76,75,81,100,100,1,0
12,4,505,73,67,75,81,100,109,7,0
13,4,270,115,45,20,45,25,20,1,0
13,4,435,140,70,45,85,50,45,1,0
14,7,245,40,45,35,30,40,55,1,0
14,7,455,75,80,70,65,75,90,1,0
10,13,320,45,50,55,75,65,30,1,0
10,13,395,60,65,70,85,75,40,1,0
10,13,490,75,80,85,110,90,50,1,0
1,9,285,35,70,55,45,55,25,1,0
1,9,405,60,95,80,60,80,30,1,0
1,13,305,60,55,50,40,55,45,1,0
1,13,450,70,65,60,90,75,90,1,0
11,18,265,10,55,25,35,45,95,1,0
11,16,265,10,55,30,35,45,90,7,0
11,18,405,35,80,50,50,70,120,1,0
11,16,425,35,100,60,50,70,110,7,0
13,18,290,40,45,35,40,40,90,1,0
13,18,290,40,45,35,40,40,90,1,0
2,18,290,40,35,35,50,40,90,7,0
17,18,290,50,65,55,40,40,40,8,0
13,18,440,65,70,60,65,65,115,1,0
2,18,440,65,60,60,75,65,115,7,0
18,18,320,50,52,48,65,50,55,1,0
18,18,500,80,82,78,95,80,85,1,0
6,18,305,40,80,35,35,45,70,1,0
6,18,455,65,105,60,60,70,95,1,0
7,18,350,55,70,45,70,50,60,1,0
7,18,555,90,110,80,100,80,95,1,0
18,18,300,40,50,40,40,40,90,1,0
18,18,385,65,65,65,50,50,90,1,0
18,5,510,90,95,95,70,90,70,1,0
15,18,310,25,20,15,105,55,90,1,0
15,18,400,40,35,30,120,70,105,1,0
15,18,500,55,50,45,135,95,120,1,0
15,18,590,55,50,65,175,95,150,1,0
6,18,305,70,80,50,35,35,35,1,0
6,18,405,80,100,70,50,60,45,1,0
6,18,505,90,130,80,65,85,55,1,0
6,18,505,90,130,80,65,85,55,1,0
10,13,300,50,75,35,70,30,40,1,0
10,13,390,65,90,50,85,45,55,1,0
10,13,490,80,105,65,100,70,70,1,0
18,13,335,40,40,35,50,100,70,1,0
18,13,515,80,70,65,80,120,100,1,0
16,10,300,40,80,100,30,30,20,1,0
16,3,300,40,80,100,30,30,20,7,0
16,10,390,55,95,115,45,45,35,1,0
16,3,390,55,95,115,45,45,35,7,0
16,10,495,80,120,130,55,65,45,1,0
16,3,495,80,120,130,55,65,45,7,0
7,18,410,50,85,55,65,65,90,1,0
15,4,410,50,85,55,65,65,90,8,0
7,18,500,65,100,70,80,80,105,1,0
15,4,500,65,100,70,80,80,105,8,0
18,14,315,90,65,65,40,40,15,1,0
15,18,315,90,65,65,40,40,15,8,0
18,14,490,95,75,110,100,80,30,1,0
14,14,490,95,100,95,100,70,30,8,0
18,14,590,95,75,180,130,80,30,1,0
4,16,325,25,35,70,95,55,45,1,0
4,16,465,50,60,95,120,70,70,1,0
13,7,352,52,90,55,58,62,60,1,0
6,18,377,52,95,55,58,62,55,8,0
13,7,310,35,85,45,35,35,75,1,0
13,7,460,60,110,70,60,60,100,1,0
18,18,325,65,45,55,45,70,45,1,0
18,11,475,90,70,80,70,95,70,1,0
14,18,325,80,80,50,40,50,25,1,0
14,1,325,80,80,50,40,50,25,7,0
14,18,500,105,105,75,65,100,50,1,0
14,1,500,105,105,75,65,100,50,7,0
18,18,305,30,65,100,45,25,40,1,0
18,11,525,50,95,180,85,45,70,1,0
9,13,310,30,35,30,100,35,80,1,0
9,13,405,45,50,45,115,55,95,1,0
9,13,500,60,65,60,130,75,110,1,0
9,13,600,60,65,80,170,95,130,1,0
9,13,500,60,65,60,130,75,110,1,0
16,10,385,35,45,160,30,45,70,1,0
15,18,328,60,48,45,43,90,42,1,0
15,18,483,85,73,70,73,115,67,1,0
18,18,325,30,105,90,25,25,50,1,0
18,18,475,55,130,115,50,50,75,1,0
18,18,475,55,130,115,50,50,75,1,0
4,18,330,40,30,50,55,55,100,1,0
4,18,480,60,50,70,80,80,140,1,0
10,14,325,60,40,80,60,45,40,1,0
10,14,520,95,95,85,125,65,55,1,0
10,2,530,95,105,85,125,75,45,7,0
11,18,320,50,50,95,40,50,35,1,0
11,18,425,60,80,110,50,80,45,1,0
7,8,425,60,80,110,50,80,45,7,0
6,18,455,50,120,53,35,110,87,1,0
6,18,455,50,105,79,35,110,76,1,0
13,18,385,90,55,75,60,75,30,1,0
14,18,340,40,65,95,60,45,35,1,0
14,18,490,65,90,120,85,70,60,1,0
14,4,490,65,90,120,85,70,60,8,0
11,15,345,80,85,95,30,30,25,1,0
11,15,485,105,130,120,45,45,40,1,0
13,18,450,250,5,5,35,105,50,1,0
10,18,435,65,55,115,100,40,60,1,0
13,18,490,105,95,80,40,80,90,1,0
13,18,590,105,125,100,60,100,100,1,0
18,18,295,30,40,70,70,25,60,1,0
18,18,440,55,65,95,95,45,85,1,0
18,18,320,45,67,60,35,50,63,1,0
18,18,450,80,92,65,65,80,68,1,0
18,18,340,30,45,55,70,55,85,1,0
18,14,520,60,75,85,100,85,115,1,0
15,4,460,40,45,65,100,120,90,1,0
12,14,460,50,65,65,90,90,100,8,0
1,7,500,70,110,80,55,80,105,1,0
12,14,455,65,50,35,115,95,95,1,0
4,18,490,65,83,57,95,85,105,1,0
7,18,495,65,95,57,100,85,93,1,0
1,18,500,65,125,100,55,70,85,1,0
1,7,600,65,155,120,65,90,105,1,0
13,18,490,75,100,95,40,70,110,1,0
18,18,200,20,10,55,15,20,80,1,0
18,7,540,95,125,79,60,100,81,1,0
18,1,640,95,155,109,70,130,81,1,0
18,11,535,130,85,80,85,95,60,1,0
18,11,535,130,85,80,85,95,60,1,0
13,18,288,48,48,48,48,48,48,1,0
13,18,325,55,55,50,45,65,55,1,0
13,18,325,55,55,50,45,65,55,1,0
18,18,525,130,65,60,110,95,65,1,0
4,18,525,65,65,60,110,95,130,1,0
7,18,525,65,130,60,95,110,65,1,0
13,18,395,65,60,70,85,75,40,1,0
16,17,355,35,40,100,90,55,35,1,0
16,17,495,70,60,125,115,70,55,1,0
16,17,355,30,80,90,55,45,55,1,0
16,17,495,60,115,105,65,70,80,1,0
16,7,515,80,105,65,60,75,130,1,0
16,7,615,80,135,85,70,95,150,1,0
13,18,540,160,110,65,65,110,30,1,0
13,18,540,160,110,65,65,110,30,1,0
12,7,580,90,85,100,95,125,85,1,1
15,7,580,90,85,85,125,100,95,8,1
4,7,580,90,90,85,125,90,100,1,1
6,7,580,90,125,90,85,90,100,8,1
7,7,580,90,100,90,125,85,90,1,1
2,7,580,90,85,90,100,125,90,8,1
3,18,300,41,64,45,50,50,50,1,0
3,18,420,61,84,65,70,70,70,1,0
3,7,600,91,134,95,100,100,80,1,0
15,18,680,106,110,90,154,90,130,1,1
15,5,780,106,190,100,154,100,130,1,1
15,18,780,106,150,70,194,120,140,1,1
15,18,600,100,100,100,100,100,100,1,1
10,18,318,45,49,65,49,65,45,2,0
10,18,405,60,62,80,63,80,60,2,0
10,18,525,80,82,100,83,100,80,2,0
7,18,309,39,52,43,60,50,65,2,0
7,18,405,58,64,58,80,65,80,2,0
7,18,534,78,84,78,109,85,100,2,0
18,18,314,50,65,64,44,48,43,2,0
18,18,405,65,80,80,59,63,58,2,0
18,18,530,85,105,100,79,83,78,2,0
13,18,215,35,46,34,35,45,20,2,0
13,18,415,85,76,64,45,55,90,2,0
13,7,262,60,30,30,36,56,50,2,0
13,7,442,100,50,50,76,96,70,2,0
1,7,265,40,20,30,40,80,55,2,0
1,7,390,55,35,50,55,110,85,2,0
1,13,250,40,60,40,40,40,30,2,0
1,13,390,70,90,70,60,60,40,2,0
14,7,535,85,90,80,70,80,130,2,0
18,3,330,75,38,38,56,56,67,2,0
18,3,460,125,58,58,76,76,67,2,0
4,18,205,20,40,15,35,35,60,2,0
5,18,218,50,25,28,45,55,15,2,0
13,4,210,90,30,15,40,20,15,2,0
5,18,245,35,20,65,40,65,20,2,0
5,7,405,55,40,85,80,105,40,2,0
15,7,320,40,50,45,70,45,70,2,0
15,7,470,65,75,70,95,70,95,2,0
4,18,280,55,40,40,65,45,35,2,0
4,18,365,70,55,55,80,60,45,2,0
4,18,510,90,75,85,115,90,55,2,0
4,2,610,90,95,105,165,110,45,2,0
10,18,490,75,80,95,90,100,50,2,0
18,4,250,70,20,50,20,50,40,2,0
18,4,420,100,50,80,60,80,50,2,0
16,18,410,70,100,115,30,65,30,2,0
18,18,500,90,75,75,90,100,70,2,0
10,7,250,35,35,40,35,55,50,2,0
10,7,340,55,45,50,45,65,80,2,0
10,7,460,75,55,70,55,95,110,2,0
13,18,360,55,70,55,40,55,85,2,0
10,18,180,30,30,30,30,30,30,2,0
10,18,425,75,75,55,105,85,30,2,0
1,7,390,65,65,45,75,45,95,2,0
18,10,210,55,45,45,25,25,15,2,0
18,10,430,95,85,85,65,65,35,2,0
15,18,525,65,65,60,130,95,110,2,0
2,18,525,95,65,110,60,130,65,2,0
2,7,405,60,85,42,85,42,91,2,0
18,14,490,95,75,80,100,110,30,2,0
14,14,490,95,65,80,110,110,30,8,0
9,18,435,60,60,60,85,85,85,2,0
15,18,336,48,72,48,72,48,48,2,0
15,18,405,190,33,58,33,58,33,2,0
13,14,455,70,80,65,90,65,85,2,0
1,18,290,50,65,90,35,35,15,2,0
1,16,465,75,90,140,60,60,40,2,0
13,18,415,100,70,70,65,65,45,2,0
11,7,430,65,75,105,35,65,85,2,0
17,10,510,75,85,200,55,65,30,2,0
17,10,610,75,125,230,55,95,30,2,0
5,18,300,60,80,50,40,40,30,2,0
5,18,450,90,120,75,60,60,45,2,0
18,13,430,65,95,75,55,55,85,2,0
1,16,500,70,130,100,55,80,65,2,0
1,16,600,70,150,140,65,100,75,2,0
1,15,505,20,10,230,10,230,5,2,0
1,5,500,80,125,75,40,95,85,2,0
1,5,600,80,185,115,40,105,75,2,0
2,11,430,55,95,55,35,75,115,2,0
13,18,330,60,80,50,50,50,40,2,0
13,18,500,90,130,75,75,75,55,2,0
7,18,250,40,40,40,70,40,20,2,0
7,15,410,50,50,120,80,80,30,2,0
12,10,250,50,50,40,30,30,50,2,0
12,10,450,100,100,80,60,60,50,2,0
18,15,380,55,55,85,65,85,35,2,0
9,18,380,60,55,100,65,100,30,8,0
18,18,300,35,65,35,65,35,65,2,0
18,18,480,75,105,75,105,75,45,2,0
12,7,330,45,55,45,65,45,75,2,0
18,7,465,65,40,70,80,140,70,2,0
17,7,465,65,80,140,40,70,70,2,0
2,6,330,45,60,30,80,50,65,2,0
2,6,500,75,90,50,110,80,95,2,0
2,6,600,75,90,90,140,90,115,2,0
18,2,540,75,95,95,95,95,85,2,0
11,18,330,90,60,60,40,40,40,2,0
11,18,500,90,120,120,60,60,50,2,0
13,18,515,85,80,90,105,95,60,2,0
13,18,465,73,95,62,85,65,85,2,0
13,18,250,55,20,35,20,45,75,2,0
6,18,210,35,35,35,35,35,35,2,0
6,18,455,50,95,95,35,110,70,2,0
12,14,305,45,30,15,85,65,65,2,0
4,18,360,45,63,37,65,55,95,2,0
7,18,365,45,75,37,70,55,83,2,0
13,18,490,95,80,105,40,70,100,2,0
13,18,540,255,10,10,75,135,55,2,0
4,18,580,90,85,75,115,100,115,2,1
7,18,580,115,115,85,90,75,100,2,1
18,18,580,100,75,115,90,115,85,2,1
16,10,300,50,64,50,45,50,41,2,0
16,10,410,70,84,70,65,70,51,2,0
16,1,600,100,134,110,95,100,61,2,0
16,1,700,100,164,150,95,120,71,2,0
15,7,680,106,90,130,90,154,110,2,1
7,7,680,106,130,90,110,154,90,2,1
15,9,600,100,100,100,100,100,100,2,1
10,18,310,40,45,35,65,55,70,3,0
10,18,405,50,65,45,85,65,95,3,0
10,18,530,70,85,65,105,85,120,3,0
10,2,630,70,110,75,145,85,145,3,0
7,18,310,45,60,40,70,50,45,3,0
7,5,405,60,85,60,85,60,55,3,0
7,5,530,80,120,70,110,70,80,3,0
7,5,630,80,160,80,130,80,100,3,0
18,18,310,50,70,50,50,50,40,3,0
18,10,405,70,85,70,60,70,50,3,0
18,10,535,100,110,90,85,90,60,3,0
18,10,635,100,150,110,95,110,70,3,0
2,18,220,35,55,35,30,30,35,3,0
2,18,420,70,90,70,60,60,70,3,0
13,18,240,38,30,41,30,41,60,3,0
2,12,240,38,30,41,30,41,60,8,0
13,18,420,78,70,61,50,61,100,3,0
2,12,420,78,70,61,50,61,100,8,0
1,18,195,45,45,35,20,30,20,3,0
1,18,205,50,35,55,25,25,15,3,0
1,7,395,60,70,50,100,50,65,3,0
1,18,205,50,35,55,25,25,15,3,0
1,13,385,60,50,70,50,90,65,3,0
18,9,220,40,30,30,40,50,30,3,0
18,9,340,60,50,50,60,70,50,3,0
18,9,480,80,70,70,90,100,70,3,0
10,18,220,40,40,50,30,30,30,3,0
10,1,340,70,70,40,60,40,60,3,0
10,1,480,90,100,60,90,60,80,3,0
13,7,270,40,55,30,30,30,85,3,0
13,7,430,60,85,60,50,50,125,3,0
18,7,270,40,30,30,55,30,85,3,0
18,7,430,60,50,100,85,70,65,3,0
15,4,198,28,25,25,45,35,40,3,0
15,4,278,38,35,35,65,55,50,3,0
15,4,518,68,65,65,125,115,80,3,0
15,4,618,68,85,65,165,135,100,3,0
1,17,269,40,30,32,50,52,65,3,0
1,7,414,70,60,62,80,82,60,3,0
10,18,295,60,40,60,40,60,35,3,0
10,5,460,60,130,80,60,60,70,3,0
13,18,280,60,60,60,35,35,30,3,0
13,18,440,80,80,80,55,55,90,3,0
13,18,670,150,160,100,95,65,100,3,0
1,10,266,31,45,90,30,30,40,3,0
1,7,456,61,90,45,50,50,160,3,0
1,8,236,1,90,45,30,30,40,3,0
13,18,240,64,51,23,51,23,28,3,0
13,18,360,84,71,43,71,43,48,3,0
13,18,490,104,91,63,91,73,68,3,0
6,18,237,72,60,30,20,30,25,3,0
6,18,474,144,120,60,40,60,50,3,0
13,4,190,50,20,40,20,40,20,3,0
16,18,375,30,45,135,45,90,30,3,0
13,18,260,50,45,45,35,35,50,3,0
13,18,380,70,65,65,55,55,70,3,0
2,8,380,50,75,75,65,65,50,3,0
2,8,480,50,85,125,85,115,20,3,0
17,4,380,50,85,85,55,55,50,3,0
17,4,480,50,105,125,55,95,50,3,0
17,15,330,50,70,100,40,40,30,3,0
17,15,430,60,90,140,50,50,40,3,0
17,15,530,70,110,180,60,60,50,3,0
17,18,630,70,140,230,60,80,50,3,0
6,14,280,30,40,55,40,55,60,3,0
6,14,410,60,60,75,60,75,80,3,0
6,14,510,60,100,85,80,85,100,3,0
4,18,295,40,45,40,65,40,65,3,0
4,18,475,70,75,60,105,60,105,3,0
4,18,575,70,75,80,135,80,135,3,0
4,18,405,60,50,40,85,75,95,3,0
4,18,405,60,40,50,75,85,95,3,0
1,18,400,65,73,55,47,75,85,3,0
1,18,400,65,47,55,73,75,85,3,0
10,13,400,50,60,45,100,80,65,3,0
14,18,302,70,43,53,43,53,40,3,0
14,18,467,100,73,83,73,83,55,3,0
18,1,305,45,90,20,65,20,65,3,0
18,1,460,70,120,40,95,40,95,3,0
18,1,560,70,140,70,110,65,105,3,0
18,18,400,130,70,35,70,35,60,3,0
18,18,500,170,90,45,90,45,60,3,0
7,10,305,60,60,40,65,45,35,3,0
7,10,460,70,100,70,105,75,40,3,0
7,10,560,70,120,100,145,105,20,3,0
7,18,470,70,85,140,85,70,20,3,0
15,18,330,60,25,35,70,80,60,3,0
15,18,470,80,45,65,90,110,80,3,0
13,18,360,60,60,60,60,60,60,3,0
11,18,290,45,100,45,45,45,10,3,0
11,2,340,50,70,50,50,50,70,3,0
11,2,520,80,100,80,80,80,100,3,0
10,18,335,50,85,40,85,40,35,3,0
10,1,475,70,115,60,115,60,55,3,0
13,7,310,45,40,60,40,75,50,3,0
3,7,490,75,70,90,70,105,80,3,0
3,4,590,75,110,110,110,105,80,3,0
13,18,458,73,115,60,60,60,90,3,0
14,18,458,73,100,60,100,60,65,3,0
16,14,440,70,55,65,95,85,70,3,0
16,14,440,70,95,85,55,65,70,3,0
18,10,288,50,48,43,46,41,60,3,0
18,10,468,110,78,73,76,71,60,3,0
18,18,308,43,80,65,50,35,35,3,0
18,1,468,63,120,85,90,55,55,3,0
11,14,300,40,40,55,40,70,55,3,0
11,14,500,60,70,105,70,120,75,3,0
16,9,355,66,41,77,61,87,23,3,0
16,9,495,86,81,97,81,107,43,3,0
16,0,355,45,95,50,40,50,75,3,0
16,0,495,75,125,100,70,80,45,3,0
18,18,200,20,15,20,10,55,80,3,0
18,18,540,95,60,79,100,125,81,3,0
13,18,420,70,70,70,70,70,70,3,0
13,18,440,60,90,70,60,120,40,3,0
9,18,295,44,75,35,63,33,45,3,0
9,18,455,64,115,65,83,63,65,3,0
9,18,555,64,165,75,93,83,75,3,0
9,18,295,20,40,90,30,90,25,3,0
9,18,455,40,70,130,60,130,25,3,0
10,7,460,99,68,83,72,87,51,3,0
15,18,425,65,50,70,95,80,65,3,0
2,18,465,65,130,60,75,60,75,3,0
2,18,565,65,150,60,115,60,115,3,0
15,18,260,95,23,48,23,48,23,3,0
12,18,300,50,50,50,50,50,50,3,0
12,18,480,80,80,80,80,80,80,3,0
12,18,580,80,120,80,120,80,100,3,0
12,17,290,70,40,50,55,50,25,3,0
12,17,410,90,60,70,75,70,45,3,0
12,17,530,110,80,90,95,90,65,3,0
18,18,345,35,64,85,74,55,32,3,0
18,18,485,55,104,105,94,75,52,3,0
18,18,485,55,84,105,114,75,52,3,0
18,15,485,100,90,130,45,65,55,3,0
18,18,330,43,30,55,40,65,97,3,0
3,18,300,45,75,60,40,30,50,3,0
3,18,420,65,95,100,60,50,50,3,0
3,7,600,95,135,80,110,80,100,3,0
3,7,700,95,145,130,120,90,120,3,0
17,14,300,40,55,80,35,60,30,3,0
17,14,420,60,75,100,55,80,50,3,0
17,14,600,80,135,130,95,90,70,3,0
17,14,700,80,145,150,105,110,110,3,0
16,18,580,80,100,200,50,100,50,3,1
12,18,580,80,50,100,100,200,50,3,1
17,18,580,80,75,150,75,150,50,3,1
3,14,600,80,80,90,110,130,110,3,1
3,14,700,80,100,120,140,150,110,3,1
3,14,600,80,90,80,130,110,110,3,1
3,14,700,80,130,100,160,120,110,3,1
18,18,670,100,100,90,150,140,90,3,1
18,18,770,100,150,90,180,160,90,3,1
11,18,670,100,150,140,100,90,90,3,1
11,6,770,100,180,160,150,90,90,3,1
3,7,680,105,150,90,150,90,95,3,1
3,7,780,105,180,100,180,100,115,3,1
17,14,600,100,100,100,100,100,100,3,1
15,18,600,50,150,50,150,50,150,3,1
15,18,600,50,180,20,180,20,150,3,1
15,18,600,50,70,160,70,160,90,3,1
15,18,600,50,95,90,95,90,180,3,1
10,18,318,55,68,64,45,55,31,4,0
10,18,405,75,89,85,55,65,36,4,0
10,10,525,95,109,105,75,85,56,4,0
7,18,309,44,58,44,58,44,61,4,0
7,5,405,64,78,52,78,52,81,4,0
7,5,534,76,104,71,104,71,108,4,0
18,18,314,53,51,53,61,56,40,4,0
18,18,405,64,66,68,81,76,50,4,0
18,16,530,84,86,88,111,101,60,4,0
13,7,245,40,55,30,30,30,60,4,0
13,7,340,55,75,50,40,40,80,4,0
13,7,485,85,120,70,50,60,100,4,0
13,18,250,59,45,40,35,40,31,4,0
13,17,410,79,85,60,55,60,71,4,0
1,18,194,37,25,41,25,41,25,4,0
1,18,384,77,85,51,55,51,65,4,0
4,18,263,45,65,34,40,34,45,4,0
4,18,363,60,85,49,60,49,60,4,0
4,18,523,80,120,79,95,79,70,4,0
10,13,280,40,30,35,50,70,55,4,0
10,13,515,60,70,65,125,105,90,4,0
16,18,350,67,125,40,30,30,58,4,0
16,18,495,97,165,60,65,50,58,4,0
16,16,350,30,42,118,42,88,30,4,0
16,16,495,60,52,168,47,138,30,4,0
1,18,224,40,29,45,29,45,36,4,0
1,9,424,60,59,85,79,105,36,4,0
1,10,424,60,79,105,59,85,36,4,0
1,16,424,60,69,95,69,95,36,4,0
1,7,424,70,94,50,94,50,66,4,0
1,7,244,30,30,42,30,42,70,4,0
1,7,474,70,80,102,80,102,40,4,0
4,18,405,60,45,70,45,90,95,4,0
18,18,330,55,65,35,60,30,85,4,0
18,18,495,85,105,55,85,50,115,4,0
10,18,275,45,35,45,62,53,35,4,0
10,18,450,70,60,70,87,78,85,4,0
18,18,325,76,48,48,57,62,34,4,0
18,10,475,111,83,68,92,82,39,4,0
13,18,482,75,100,66,60,66,115,4,0
9,7,348,90,50,34,60,44,70,4,0
9,7,498,150,80,44,90,54,80,4,0
13,18,350,55,66,44,44,56,85,4,0
13,18,480,65,76,84,54,96,105,4,0
13,5,580,65,136,94,54,96,135,4,0
9,18,495,60,60,60,105,105,105,4,0
2,7,505,100,125,52,105,52,71,4,0
13,18,310,49,55,42,42,37,85,4,0
13,18,452,71,82,64,64,59,112,4,0
15,18,285,45,30,50,65,50,45,4,0
14,1,329,63,63,47,41,41,74,4,0
14,1,479,103,93,67,71,61,84,4,0
17,14,300,57,24,86,24,86,23,4,0
17,14,500,67,89,116,79,116,33,4,0
16,18,290,50,80,95,10,45,10,4,0
15,4,310,20,25,45,70,90,60,4,0
13,18,220,100,5,5,15,65,30,4,0
13,7,411,76,65,45,92,42,91,4,0
9,1,485,50,92,108,92,108,35,4,0
3,10,300,58,70,45,40,45,42,4,0
3,10,410,68,90,65,50,55,82,4,0
3,10,600,108,130,95,80,85,102,4,0
3,10,700,108,170,115,120,95,92,4,0
13,18,390,135,85,40,40,85,5,4,0
6,18,285,40,70,40,35,40,60,4,0
6,16,525,70,110,70,115,70,90,4,0
6,16,625,70,145,88,140,70,112,4,0
11,18,330,68,72,78,38,42,32,4,0
11,18,525,108,112,118,68,72,47,4,0
14,0,330,40,50,90,30,55,65,4,0
14,1,500,70,90,110,60,75,95,4,0
14,5,300,48,61,40,61,40,50,4,0
14,5,490,83,106,65,86,65,85,4,0
10,18,454,74,100,72,90,72,46,4,0
18,18,330,49,49,56,49,61,66,4,0
18,18,460,69,69,76,69,86,91,4,0
18,7,345,45,20,50,60,120,50,4,0
10,11,334,60,62,50,62,60,40,4,0
10,11,494,90,92,75,92,85,60,4,0
10,11,594,90,132,105,132,105,30,4,0
2,11,510,70,120,65,45,85,125,4,0
4,16,535,70,70,115,130,90,60,4,0
13,18,515,110,85,95,80,95,50,4,0
11,15,535,115,140,130,55,55,40,4,0
10,18,535,100,100,125,110,50,50,4,0
4,18,540,75,123,67,95,85,95,4,0
7,18,540,75,95,67,125,95,83,4,0
5,7,545,85,50,95,120,115,80,4,0
1,7,515,86,76,86,116,56,95,4,0
10,18,525,65,110,130,60,65,95,4,0
12,18,525,65,60,110,130,95,65,4,0
11,7,510,75,95,125,45,75,95,4,0
12,10,530,110,130,80,70,60,80,4,0
13,18,535,85,80,70,135,75,90,4,0
15,5,518,68,125,65,65,115,80,4,0
15,5,618,68,165,95,65,115,110,4,0
16,16,525,60,55,145,75,150,40,4,0
9,18,525,45,100,135,65,135,45,4,0
12,8,480,70,80,70,80,70,110,4,0
4,8,440,50,50,77,95,77,91,4,0
4,6,520,50,65,107,105,107,86,4,0
4,17,520,50,65,107,105,107,86,4,0
4,11,520,50,65,107,105,107,86,4,0
4,7,520,50,65,107,105,107,86,4,0
4,9,520,50,65,107,105,107,86,4,0
15,18,580,75,75,130,75,130,95,4,1
15,18,580,80,105,105,105,105,80,4,1
15,18,580,75,125,70,125,70,115,4,1
17,2,680,100,120,120,150,100,90,4,1
18,2,680,90,120,100,150,120,100,4,1
7,16,600,91,90,106,130,106,77,4,1
13,18,670,110,160,110,80,110,100,4,1
9,2,680,150,100,120,100,120,90,4,1
9,2,680,150,120,100,120,100,90,4,1
15,18,600,120,70,120,75,130,85,4,1
18,18,480,80,80,80,80,80,80,4,1
18,18,600,100,100,100,100,100,100,4,1
2,18,600,70,90,90,135,90,125,4,1
10,18,600,100,100,100,100,100,100,4,1
10,7,600,100,103,75,120,75,127,4,1
13,18,720,120,120,120,120,120,120,4,1
15,6,600,100,100,100,100,100,100,5,1
10,18,308,45,45,55,45,55,63,5,0
10,18,413,60,60,75,60,75,83,5,0
10,18,528,75,75,95,75,95,113,5,0
7,18,308,65,63,45,45,45,45,5,0
7,5,418,90,93,55,70,55,55,5,0
7,5,528,110,123,65,100,65,65,5,0
18,18,308,55,55,45,63,45,45,5,0
18,18,413,75,75,60,83,60,60,5,0
18,18,528,95,100,85,108,70,70,5,0
13,18,255,45,55,39,35,39,42,5,0
13,18,420,60,85,69,60,69,77,5,0
13,18,275,45,60,45,25,45,55,5,0
13,18,370,65,80,65,35,65,60,5,0
13,18,500,85,110,90,45,90,80,5,0
2,18,281,41,50,37,50,37,66,5,0
2,18,446,64,88,50,88,50,106,5,0
10,18,316,50,53,48,53,48,64,5,0
10,18,498,75,98,63,98,63,101,5,0
7,18,316,50,53,48,53,48,64,5,0
7,18,498,75,98,63,98,63,101,5,0
18,18,316,50,53,48,53,48,64,5,0
18,18,498,75,98,63,98,63,101,5,0
15,18,292,76,25,45,67,55,24,5,0
15,18,487,116,55,85,107,95,29,5,0
13,7,264,50,55,50,36,30,43,5,0
13,7,358,62,77,62,50,42,65,5,0
13,7,488,80,115,80,65,55,93,5,0
4,18,295,45,60,32,50,32,76,5,0
4,18,497,75,100,63,80,63,116,5,0
16,18,280,55,75,85,25,25,15,5,0
16,18,390,70,105,105,50,40,20,5,0
16,18,515,85,135,130,60,80,25,5,0
15,7,313,55,45,43,55,43,72,5,0
15,7,425,67,57,55,77,55,114,5,0
11,18,328,60,85,40,30,45,68,5,0
11,16,508,110,135,60,50,65,88,5,0
13,18,445,103,60,86,60,86,50,5,0
13,4,545,103,60,126,80,126,50,5,0
6,18,305,75,80,55,25,35,35,5,0
6,18,405,85,105,85,40,50,40,5,0
6,18,505,105,140,95,55,65,45,5,0
18,18,294,50,50,40,50,40,64,5,0
18,10,384,75,65,55,65,55,69,5,0
18,10,509,105,95,75,85,75,74,5,0
6,18,465,120,100,85,30,85,45,5,0
6,18,465,75,125,75,30,75,85,5,0
1,9,310,45,53,70,40,60,42,5,0
1,9,380,55,63,90,50,80,42,5,0
1,9,500,75,103,80,70,80,92,5,0
1,13,260,30,45,59,30,39,57,5,0
1,13,360,40,55,99,40,79,47,5,0
1,13,485,60,100,89,55,69,112,5,0
10,4,280,40,27,60,37,50,66,5,0
10,4,480,60,67,85,77,75,116,5,0
10,18,280,45,35,50,70,50,30,5,0
10,18,480,70,60,75,110,75,90,5,0
18,18,460,70,92,65,80,55,98,5,0
11,1,292,50,72,35,35,35,65,5,0
11,1,351,60,82,45,45,45,74,5,0
11,1,519,95,117,80,65,70,92,5,0
7,18,315,70,90,45,15,45,50,5,0
12,18,315,70,90,45,15,45,50,8,0
7,18,480,105,140,55,30,55,95,5,0
12,18,480,105,140,55,30,55,95,8,0
7,14,540,105,30,105,140,105,55,5,0
12,6,540,105,160,55,30,55,135,8,0
10,18,461,75,86,67,106,67,60,5,0
1,15,325,50,65,85,35,35,55,5,0
1,15,475,70,95,125,65,75,45,5,0
2,5,348,50,75,70,35,70,48,5,0
2,5,488,65,90,115,45,115,58,5,0
15,7,490,72,58,80,103,80,97,5,0
9,18,303,38,30,85,55,65,30,5,0
11,8,303,38,55,85,30,65,30,8,0
9,18,483,58,50,145,95,105,30,5,0
18,15,355,54,78,103,53,45,22,5,0
18,15,495,74,108,133,83,65,32,5,0
16,7,401,55,112,45,74,45,70,5,0
16,7,567,75,140,65,112,65,110,5,0
14,18,329,50,50,62,40,62,65,5,0
14,18,474,80,95,82,60,82,75,5,0
14,18,474,80,95,82,60,82,75,5,0
2,18,330,40,65,40,80,40,65,5,0
2,18,510,60,105,60,120,60,105,5,0
13,18,300,55,50,40,40,40,75,5,0
13,18,470,75,95,60,65,60,115,5,0
15,18,290,45,30,50,55,65,45,5,0
15,18,390,60,45,70,75,85,55,5,0
15,18,490,70,55,95,95,110,65,5,0
15,18,290,45,30,40,105,50,20,5,0
15,18,370,65,40,50,125,60,30,5,0
15,18,490,110,65,75,125,85,30,5,0
18,7,305,62,44,50,44,50,55,5,0
18,7,473,75,87,63,87,63,98,5,0
12,18,305,36,50,50,65,60,44,5,0
12,18,395,51,65,65,80,75,59,5,0
12,18,535,71,95,85,110,95,79,5,0
13,9,335,60,60,50,40,50,75,5,0
13,9,475,80,100,70,60,70,95,5,0
4,7,428,55,75,60,75,60,103,5,0
1,18,315,50,75,45,40,45,60,5,0
1,16,495,70,135,105,60,105,20,5,0
10,13,294,69,55,45,55,55,15,5,0
10,13,464,114,85,70,85,80,30,5,0
18,8,335,55,40,50,65,85,40,5,0
18,8,480,100,60,70,85,105,60,5,0
18,18,470,165,75,80,40,45,65,5,0
1,3,319,50,47,50,57,50,65,5,0
1,3,472,70,77,60,97,60,108,5,0
10,16,305,44,50,91,24,86,10,5,0
10,16,489,74,94,131,54,116,20,5,0
17,18,300,40,55,70,45,60,30,5,0
17,18,440,60,80,95,70,85,50,5,0
17,18,520,60,100,115,70,85,90,5,0
4,18,275,35,55,40,45,40,60,5,0
4,18,405,65,85,70,75,70,40,5,0
4,18,515,85,115,80,105,80,50,5,0
15,18,335,55,55,55,85,55,30,5,0
15,18,485,75,75,75,125,95,40,5,0
9,6,275,50,30,55,65,55,20,5,0
9,6,370,60,40,60,95,60,55,5,0
9,6,520,60,55,90,145,90,80,5,0
3,18,320,46,87,60,30,40,57,5,0
3,18,410,66,117,70,40,50,67,5,0
3,18,540,76,147,90,60,70,97,5,0
12,18,305,55,70,40,60,40,40,5,0
12,18,485,95,110,80,70,80,50,5,0
12,18,485,70,50,30,95,135,105,5,0
1,18,305,50,40,85,40,65,25,5,0
1,18,495,80,70,40,100,60,145,5,0
11,3,471,109,66,84,81,99,32,5,0
11,16,471,109,81,99,66,84,32,8,0
6,18,350,45,85,50,55,50,65,5,0
6,18,510,65,125,60,95,60,105,5,0
3,18,485,77,120,90,60,90,48,5,0
11,8,303,59,74,50,35,50,35,5,0
11,8,483,89,124,80,55,80,55,5,0
2,16,340,45,85,70,40,40,60,5,0
2,16,490,65,125,100,60,70,70,5,0
13,18,490,95,110,95,40,95,55,5,0
13,7,350,70,83,50,37,50,60,5,0
13,7,510,100,123,75,57,75,80,5,0
2,7,370,70,55,75,45,65,60,5,0
2,7,510,110,65,105,55,95,80,5,0
7,18,484,85,97,66,105,66,65,5,0
1,16,484,58,109,112,48,48,109,5,0
2,2,300,52,65,50,45,50,38,5,0
2,2,420,72,85,70,65,70,58,5,0
2,2,600,92,105,90,125,90,98,5,0
1,6,360,55,85,55,50,55,60,5,0
1,6,550,85,60,65,135,105,100,5,0
17,5,580,91,90,129,90,72,108,5,1
16,5,580,91,129,90,72,90,108,5,1
10,5,580,91,90,72,90,129,108,5,1
8,18,580,79,115,70,125,80,111,5,1
8,18,580,79,100,80,110,90,121,5,1
4,7,580,79,115,70,125,80,111,5,1
4,7,580,79,105,70,145,80,101,5,1
3,6,680,100,120,100,150,120,90,5,1
3,3,680,100,150,120,120,100,90,5,1
11,7,600,89,125,90,115,80,101,5,1
11,7,600,89,145,90,105,80,91,5,1
3,11,660,125,130,90,130,90,95,5,1
3,11,700,125,170,100,120,90,95,5,1
3,11,700,125,120,90,170,100,95,5,1
18,5,580,91,72,90,129,90,108,5,1
18,5,580,91,72,90,129,90,108,5,1
13,14,600,100,77,77,128,128,90,5,1
13,5,600,100,128,90,77,77,128,5,1
1,16,600,71,120,95,120,95,99,5,1
10,18,313,56,61,65,48,45,38,6,0
10,18,405,61,78,95,56,58,57,6,0
10,5,530,88,107,122,74,75,64,6,0
7,18,307,40,45,40,62,60,60,6,0
7,18,409,59,59,58,90,70,73,6,0
7,14,534,75,69,72,114,100,104,6,0
18,18,314,41,56,40,62,44,71,6,0
18,18,405,54,63,52,83,56,97,6,0
18,1,530,72,95,67,103,71,122,6,0
18,1,640,72,145,67,153,71,132,6,0
13,18,237,38,36,38,32,36,57,6,0
13,10,423,85,56,77,50,77,78,6,0
13,7,278,45,50,43,40,38,62,6,0
7,7,382,62,73,55,56,52,84,6,0
7,7,499,78,81,71,74,69,126,6,0
1,18,200,38,35,40,27,25,35,6,0
1,18,213,45,22,60,27,30,29,6,0
1,7,411,80,52,50,90,50,89,6,0
7,12,369,62,50,58,73,54,72,6,0
7,12,507,86,68,72,109,66,106,6,0
5,18,303,44,38,39,61,79,42,6,0
5,18,371,54,45,47,75,98,52,6,0
5,18,552,78,65,68,112,154,75,6,0
10,18,350,66,65,48,62,57,52,6,0
10,18,531,123,100,62,97,81,68,6,0
6,18,348,67,82,62,46,48,43,6,0
6,1,495,95,124,78,69,71,58,6,0
13,18,472,75,80,60,65,90,102,6,0
15,18,355,62,48,54,63,60,68,6,0
15,18,466,74,48,76,83,81,104,6,0
15,18,466,74,48,76,83,81,104,6,0
17,8,325,45,80,100,35,37,28,6,0
17,8,448,59,110,150,45,49,35,6,0
17,8,520,60,150,50,150,50,60,6,0
17,8,520,60,50,150,50,150,60,6,0
5,18,341,78,52,60,63,65,23,6,0
5,18,462,101,72,72,99,89,29,6,0
5,18,341,62,48,66,59,57,49,6,0
5,18,480,82,80,86,85,75,72,6,0
2,14,288,53,54,53,37,46,45,6,0
2,14,482,86,92,88,68,75,73,6,0
16,17,306,42,52,67,39,56,50,6,0
16,17,500,72,105,115,54,86,68,6,0
14,17,320,50,60,60,60,60,30,6,0
14,2,494,65,75,90,97,123,44,6,0
18,18,330,50,53,62,58,63,44,6,0
18,18,500,71,73,88,120,89,59,6,0
4,12,289,44,38,33,61,43,70,6,0
4,12,481,62,55,52,109,94,109,6,0
16,2,362,58,89,77,45,45,48,6,0
16,2,521,82,121,119,69,59,71,6,0
16,11,362,77,59,50,67,63,46,6,0
16,11,521,123,77,72,99,92,58,6,0
5,18,525,95,65,65,110,130,60,6,0
6,7,500,78,92,75,74,63,118,6,0
4,4,431,67,58,57,81,67,101,6,0
16,4,500,50,50,150,50,150,50,6,0
3,18,300,45,50,35,55,75,40,6,0
3,18,452,68,75,53,83,113,60,6,0
3,18,600,90,100,70,110,150,80,6,0
17,4,470,57,80,91,80,87,75,6,0
9,9,309,43,70,48,50,60,38,6,0
9,9,474,85,110,76,65,82,56,6,0
9,9,335,49,66,70,44,55,51,6,0
9,9,335,44,66,70,44,55,56,6,0
9,9,335,54,66,70,44,55,46,6,0
9,9,335,59,66,70,44,55,41,6,0
9,9,494,65,90,122,58,75,84,6,0
9,9,494,55,85,122,58,75,99,6,0
9,9,494,75,95,122,58,75,69,6,0
9,9,494,85,100,122,58,75,54,6,0
12,18,304,55,69,85,32,35,28,6,0
12,18,514,95,117,184,44,46,28,6,0
8,2,245,40,30,35,45,40,55,6,0
8,2,535,85,70,80,97,80,123,6,0
5,18,680,126,131,95,131,98,99,6,1
2,7,680,126,131,95,131,98,99,6,1
3,10,486,54,100,71,61,85,115,6,1
3,10,600,108,100,121,81,95,95,6,1
3,10,708,216,100,121,91,95,85,6,1
16,4,600,50,100,150,100,150,50,6,1
16,4,700,50,160,110,160,110,110,6,1
15,8,600,80,110,60,150,130,70,6,1
15,1,680,80,160,60,170,130,80,6,1
7,17,600,80,110,120,130,90,70,6,1
10,7,320,68,55,55,50,50,42,7,0
10,7,420,78,75,75,70,70,52,7,0
10,8,530,78,107,75,100,100,70,7,0
7,18,320,45,65,40,60,40,70,7,0
7,18,420,65,85,50,80,50,90,7,0
7,1,530,95,115,90,80,90,60,7,0
18,18,320,50,54,54,66,56,40,7,0
18,18,420,60,69,69,91,81,50,7,0
18,4,530,80,74,74,126,116,60,7,0
13,7,265,35,75,30,30,30,65,7,0
13,7,355,55,85,50,40,50,75,7,0
13,7,485,80,120,75,75,75,60,7,0
13,18,253,48,70,30,30,30,45,7,0
13,18,418,88,110,60,55,60,45,7,0
1,18,300,47,62,45,55,45,46,7,0
1,3,400,57,82,95,55,75,36,7,0
1,3,500,77,70,90,145,75,43,7,0
6,18,338,47,82,57,42,47,63,7,0
6,11,478,97,132,77,62,67,43,7,0
7,7,476,75,70,70,98,70,93,7,0
4,7,476,75,70,70,98,70,93,7,0
15,7,476,75,70,70,98,70,93,7,0
9,7,476,75,70,70,98,70,93,7,0
1,4,304,40,45,40,55,40,84,7,0
1,4,464,60,55,60,95,70,124,7,0
16,18,280,45,65,40,30,40,60,7,0
16,18,487,75,115,65,55,65,112,7,0
16,18,487,85,115,75,55,75,82,7,0
16,18,487,75,117,65,55,65,110,7,0
18,18,175,45,20,20,25,25,40,7,0
18,18,620,45,140,130,140,135,30,7,0
14,17,305,50,53,62,43,52,45,7,0
14,17,495,50,63,152,53,142,35,7,0
11,18,385,70,100,70,45,55,45,7,0
11,18,500,100,125,100,55,85,35,7,0
18,0,269,38,40,52,40,72,27,7,0
18,0,454,68,70,92,50,132,42,7,0
10,18,250,40,55,35,50,35,35,7,0
10,18,480,70,105,90,80,90,45,7,0
10,4,285,40,35,55,65,75,15,7,0
10,4,405,60,45,80,90,100,30,7,0
14,6,320,48,44,40,71,40,77,7,0
14,6,480,68,64,60,111,60,117,7,0
13,5,340,70,75,50,45,50,50,7,0
13,5,500,120,125,80,55,60,60,7,0
10,18,210,42,30,38,30,38,32,7,0
10,18,290,52,40,48,40,48,62,7,0
10,18,510,72,120,98,50,98,72,7,0
5,18,485,51,52,90,82,110,100,7,0
13,14,490,90,60,80,90,110,60,7,0
6,18,490,100,120,90,40,60,80,7,0
1,17,230,25,35,40,20,30,80,7,0
1,17,530,75,125,140,60,90,40,7,0
9,10,320,55,55,80,70,45,15,7,0
9,10,480,85,75,110,100,75,35,7,0
18,18,410,55,60,130,30,130,5,7,0
13,18,534,95,95,95,95,95,59,7,0
13,18,570,95,95,95,95,95,95,7,0
16,7,440,60,60,100,60,100,60,7,0
16,7,500,60,100,60,100,60,120,7,0
13,18,480,65,115,65,75,95,65,7,0
7,2,485,60,78,135,91,85,36,7,0
4,16,435,65,98,63,40,73,96,7,0
9,4,476,55,90,80,50,105,96,7,0
18,14,475,68,105,70,70,70,92,7,0
13,2,485,78,60,85,135,91,36,7,0
9,9,517,70,131,100,86,90,40,7,0
3,18,300,45,55,65,45,45,45,7,0
3,5,420,55,75,90,65,70,65,7,0
3,5,600,75,110,125,100,105,85,7,0
4,4,570,70,115,85,95,75,130,7,1
15,4,570,70,85,75,130,115,95,7,1
10,4,570,70,130,115,85,95,75,7,1
18,4,570,70,75,115,95,130,85,7,1
15,18,200,43,29,31,29,31,37,7,1
15,18,400,43,29,131,29,131,37,7,1
15,16,680,137,137,107,113,89,97,7,1
15,8,680,137,113,89,137,107,97,7,1
16,13,570,109,53,47,127,131,103,7,0
1,5,570,107,139,139,53,53,79,7,0
1,5,570,71,137,37,137,37,151,7,0
4,18,570,83,89,71,173,71,83,7,0
17,7,570,97,101,103,107,101,61,7,0
10,16,570,59,181,131,59,31,109,7,0
2,2,570,223,101,53,97,53,43,7,0
15,18,600,97,107,101,127,89,79,7,1
15,16,680,97,157,127,113,109,77,7,1
15,8,680,97,113,109,157,127,77,7,1
15,2,754,97,167,97,167,97,129,7,1
17,4,600,80,95,115,130,115,65,7,1
6,8,600,90,125,80,90,90,125,7,1
14,18,420,67,73,67,73,67,73,7,0
14,2,540,73,73,73,127,73,121,7,0
16,16,570,61,131,211,53,101,13,7,0
7,8,570,53,127,53,151,79,107,7,0
4,18,600,88,112,75,102,80,143,7,1
17,18,300,46,65,65,55,35,34,0,1
17,18,600,135,143,143,80,65,34,0,1
17,18,600,135,143,143,80,65,34,0,1
10,18,310,50,65,50,40,40,65,8,0
10,18,420,70,85,70,55,60,80,8,0
10,18,530,100,125,90,60,70,85,8,0
10,18,530,100,125,90,60,70,85,8,0
7,18,310,50,71,40,40,40,69,8,0
7,18,420,65,86,60,55,60,94,8,0
7,18,530,80,116,75,65,75,119,8,0
7,18,530,80,116,75,65,75,119,8,0
18,18,310,50,40,40,70,40,70,8,0
18,18,420,65,60,55,95,55,90,8,0
18,18,530,70,85,65,125,65,120,8,0
18,18,530,70,85,65,125,65,120,8,0
13,18,275,70,55,55,35,35,25,8,0
13,18,460,120,95,95,55,75,20,8,0
8,18,245,38,47,35,33,35,57,8,0
8,18,365,68,67,55,43,55,77,8,0
8,16,495,98,87,105,53,85,67,8,0
8,16,495,98,87,105,53,85,67,8,0
1,18,180,25,20,20,25,45,45,8,0
1,14,335,50,35,80,50,90,30,8,0
1,14,505,60,45,110,80,120,90,8,0
1,14,505,60,45,110,80,120,90,8,0
2,18,245,40,28,28,47,52,50,8,0
2,18,455,70,58,58,87,92,90,8,0
10,18,250,40,40,60,40,60,10,8,0
10,18,460,60,50,90,80,120,60,8,0
13,18,270,42,40,55,40,45,48,8,0
13,18,490,72,80,100,60,90,88,8,0
18,18,284,50,64,50,38,38,44,8,0
18,15,485,90,115,90,48,68,74,8,0
18,15,485,90,115,90,48,68,74,8,0
4,18,270,59,45,50,40,50,26,8,0
4,18,490,69,90,60,90,60,121,8,0
16,18,240,30,40,50,40,50,30,8,0
16,6,410,80,60,90,60,70,50,8,0
16,6,510,110,80,120,80,90,30,8,0
16,6,510,110,80,120,80,90,30,8,0
10,2,260,40,40,80,40,40,20,8,0
10,2,485,70,110,80,95,60,70,8,0
10,2,485,70,110,80,95,60,70,8,0
10,2,485,110,85,80,100,80,30,8,0
10,2,485,110,85,80,100,80,30,8,0
11,18,315,52,57,75,35,50,46,8,0
11,18,510,72,107,125,65,70,71,8,0
11,18,510,72,107,125,65,70,71,8,0
8,17,475,70,85,55,85,95,85,8,0
18,18,280,41,63,40,40,30,66,8,0
18,18,490,61,123,60,60,50,136,8,0
4,13,242,40,38,35,54,35,40,8,0
4,13,502,75,98,70,114,70,75,8,0
4,13,502,75,98,70,114,70,75,8,0
4,13,502,75,98,70,114,70,75,8,0
7,0,305,50,65,45,50,50,45,8,0
7,0,525,100,115,65,90,90,65,8,0
7,0,525,100,115,65,90,90,65,8,0
6,18,310,50,68,60,50,50,32,8,0
6,18,480,80,118,90,70,80,42,8,0
9,18,308,40,45,45,74,54,50,8,0
9,18,508,60,65,65,134,114,70,8,0
15,18,265,42,30,45,56,53,39,8,0
15,18,370,57,40,65,86,73,49,8,0
15,4,510,57,90,95,136,103,29,8,0
15,4,510,57,90,95,136,103,29,8,0
2,4,265,45,45,30,55,40,50,8,0
2,4,370,65,60,45,75,55,70,8,0
2,4,510,95,120,65,95,75,60,8,0
2,4,510,95,120,65,95,75,60,8,0
2,12,520,93,90,101,60,81,95,8,0
17,18,440,70,110,100,50,60,50,8,0
9,18,510,60,95,50,145,130,30,8,0
6,18,507,62,135,95,68,82,65,8,0
12,14,520,80,85,75,110,100,70,8,0
11,8,483,58,95,145,50,105,30,8,0
5,18,270,45,40,40,50,61,34,8,0
5,18,495,65,60,75,110,121,64,8,0
5,18,495,65,60,75,110,121,64,8,0
6,18,470,65,100,100,70,60,75,8,0
4,18,435,48,101,95,91,85,15,8,0
12,0,185,30,25,35,45,30,20,8,0
12,0,475,70,65,60,125,90,65,8,0
16,18,470,100,125,135,20,20,70,8,0
12,18,470,75,80,110,65,90,50,8,0
12,18,470,75,80,70,65,50,130,8,0
15,12,475,60,65,55,105,95,95,8,0
15,12,475,70,55,65,95,105,85,8,0
4,1,436,58,95,58,70,58,97,8,0
4,1,436,58,95,58,70,58,97,8,0
17,18,330,72,80,49,40,49,40,8,0
17,18,500,122,130,69,80,69,30,8,0
17,18,500,122,130,69,80,69,30,8,0
4,2,505,90,100,90,80,70,75,8,0
4,11,505,90,100,90,90,80,55,8,0
18,2,505,90,90,100,70,80,75,8,0
18,11,505,90,90,100,80,90,55,8,0
17,2,535,70,95,115,120,50,85,8,0
17,2,535,70,95,115,120,50,85,8,0
3,8,270,28,60,30,40,30,82,8,0
3,8,410,68,80,50,60,50,102,8,0
3,8,600,88,120,75,100,75,142,8,0
5,18,670,92,130,115,80,115,138,8,1
5,16,720,92,170,115,80,115,148,8,1
6,18,670,92,130,115,80,115,138,8,1
6,16,720,92,130,145,80,145,128,8,1
14,2,690,140,85,95,145,95,130,8,1
14,2,1125,255,115,250,125,250,130,8,1
6,18,385,60,90,60,53,50,72,8,1
6,1,550,100,130,100,63,60,97,8,1
6,1,550,100,130,100,63,60,97,8,1
6,17,550,100,130,100,63,60,97,8,1
6,17,550,100,130,100,63,60,97,8,1
2,9,600,105,120,105,70,95,105,8,1
2,9,600,105,120,105,70,95,105,8,1
4,18,580,80,100,50,100,50,200,8,1
3,18,580,200,100,50,100,50,80,8,1
12,18,580,100,145,130,65,110,30,8,1
9,18,580,100,65,60,145,80,130,8,1
15,9,500,100,80,80,80,80,80,8,1
15,11,680,100,165,150,85,130,50,8,1
15,8,680,100,85,80,165,100,150,8,1
